Workbook

Sheet Campione_IC
A1: Esercizio - Intervallo di confidenza
A3: Valori del campione | C3: Calcoli
A4: Osservazione
A5: 50.226792 | C5: Media Campionaria | D5: =AVERAGE(A5:A85) -> 52
A6: 49.929977 | C6: Livello di confidenza | D6: 0.95
A7: 50.564413 | C7: Deviazione standard | D7: 9
A8: 58.942482 | C8: Dimensione campione | D8: 81
A9: 50.396785 | C9: Alpha | D9: 0.05
A10: 36.286379
A11: 55.134436
A12: 48.957182
A13: 49.476151
A14: 52.904882
A15: 54.10409 | C15: Consegna
A16: 63.697319 | C16: 1 | D16: Calcola la media campionaria come stima puntuale con MEDIA.
A17: 58.475345 | C17: 2 | D17: Calcola il margine di errore al 95% e scrivi l'intervallo.
A18: 52.849485 | C18: 3 | D18: Interpreta a parole l'intervallo evitando l'errore comune.
A19: 44.105418 | C19: Nota | D19: In questo file i dati grezzi sono presenti in A5:A85.
A20: 41.25874
A21: 54.248767
A22: 65.216993
A23: 52.140235
A24: 50.615843
A25: 57.189118
A26: 36.737661
A27: 48.494242
A28: 56.762502
A29: 60.708343
A30: 49.232308
A31: 55.590594
... A85: 44.258482

Sheet Soluzione completa
A1: STATISTICA INFERENZIALE — INTERVALLI DI CONFIDENZA
A3: I risultati sono collegati ai dati grezzi del foglio Campione_IC (A5:A85). Modificando il campione, media e intervalli si aggiornano automaticamente.
A5: DATI E PARAMETRI | E5: ESERCIZI 1–2 — STIMA E INTERVALLO AL 95%
A6: Parametro | B6: Riferimento/formula | C6: Valore | E6: Calcolo | F6: Formula | G6: Risultato
A7: Media campionaria | B7: MEDIA(Campione_IC!A5:A85) | C7: =AVERAGE(Campione_IC!A5:A85) -> 52 | E7: Stima puntuale | F7: MEDIA | G7: =C7 -> 52
A8: Deviazione standard nota σ | B8: Campione_IC!D7 | C8: =Campione_IC!D7 -> 9 | E8: Margine di errore | F8: CONFIDENZA.NORM(α;σ;n) | G8: =_xludf.CONFIDENCE.NORM(C11,C8,C9) -> #NAME?
A9: Dimensione campione n | B9: Campione_IC!D8 | C9: =Campione_IC!D8 -> 81 | E9: Limite inferiore | F9: media − margine | G9: =G7-G8 -> #NAME?
A10: Livello di confidenza | B10: Campione_IC!D6 | C10: =Campione_IC!D6 -> 0.95 | E10: Limite superiore | F10: media + margine | G10: =G7+G8 -> #NAME?
A11: Alpha | B11: 1 − confidenza | C11: =1-C10 -> 0.05
E12: ="Intervallo al 95%: ["&TEXT(G9,"0.00")&"; "&TEXT(G10,"0.00")&"]. Margine di errore: ±"&TEXT(G8,"0.00")&"." -> #NAME?
A17: ESERCIZIO 3 — INTERPRETAZIONE CORRETTA
A18: Con un procedimento che produce intervalli di confidenza al 95%, nel lungo periodo circa il 95% degli intervalli costruiti su campioni ripetuti conterrà la vera media della popolazione. Non è corretto dire che esiste il 95% di probabilità che la media vera sia in questo specifico intervallo: dopo il calcolo, l’intervallo o contiene il parametro oppure non lo contiene.
A24: ESERCIZIO 4 — CONFRONTO 90%, 95% E 99%
A25: Confidenza | B25: Alpha | C25: Margine | D25: Limite inferiore | E25: Limite superiore | F25: Ampiezza | G25: Osservazione
A26: 0.9 | B26: 0.1 | C26: =_xludf.CONFIDENCE.NORM(B26,$C$8,$C$9) -> #NAME? | D26: =$C$7-C26 -> #NAME? | E26: =$C$7+C26 -> #NAME? | F26: =E26-D26 -> #NAME? | G26: Intervallo più stretto
A27: 0.95 | B27: 0.05 | C27: =_xludf.CONFIDENCE.NORM(B27,$C$8,$C$9) -> #NAME? | D27: =$C$7-C27 -> #NAME? | E27: =$C$7+C27 -> #NAME? | F27: =E27-D27 -> #NAME? | G27: Compromesso più usato
A28: 0.99 | B28: 0.01 | C28: =_xludf.CONFIDENCE.NORM(B28,$C$8,$C$9) -> #NAME? | D28: =$C$7-C28 -> #NAME? | E28: =$C$7+C28 -> #NAME? | F28: =E28-D28 -> #NAME? | G28: Intervallo più ampio
A31: Con deviazione standard e dimensione del campione costanti, aumentando il livello di confidenza aumenta il valore critico, quindi crescono il margine di errore e l’ampiezza dell’intervallo.
A35: ESERCIZIO 5 — NUOVO CAMPIONE n = 324
A36: Dimensione n | B36: Deviazione σ | C36: Confidenza | D36: Alpha | E36: Margine 95% | F36: Intervallo
A37: 81 | B37: 9 | C37: 0.95 | D37: 0.05 | E37: =_xludf.CONFIDENCE.NORM(D37,B37,A37) -> #NAME? | F37: =TEXT($C$7-E37,"0.00")&" – "&TEXT($C$7+E37,"0.00") -> #NAME?
A38: 324 | B38: 9 | C38: 0.95 | D38: 0.05 | E38: =_xludf.CONFIDENCE.NORM(D38,B38,A38) -> #NAME? | F38: =TEXT($C$7-E38,"0.00")&" – "&TEXT($C$7+E38,"0.00") -> #NAME?
A41: ="Quadruplicando n da 81 a 324, la radice quadrata di n raddoppia. Poiché il margine è proporzionale a 1/√n, il margine si dimezza: da "&TEXT(E37,"0.00")&" a "&TEXT(E38,"0.00")&"." -> #NAME?

Sheet Calcoli espliciti
A1: COME SONO STATI SVOLTI I CALCOLI
A3: Le celle verdi contengono formule Excel attive. Se modifichi i dati del campione, i risultati si aggiornano automaticamente.
A5: 1. MEDIA CAMPIONARIA — STIMA PUNTUALE
A6: Passaggio | B6: Formula matematica | C6: Sostituzione numerica | D6: Formula Excel usata | E6: Risultato | F6: Spiegazione
A7: Somma dei voti | B7: Σxᵢ | C7: Somma degli 81 voti | D7: =SOMMA(Campione_IC!A5:A85) | E7: =SUM(Campione_IC!A5:A85) -> 4212 | F7: Totale dei valori osservati
A8: Numero di osservazioni | B8: n | C8: Conteggio dei voti | D8: =CONTA.NUMERI(Campione_IC!A5:A85) | E8: =COUNT(Campione_IC!A5:A85) -> 81 | F8: Dimensione effettiva del campione
A9: Media campionaria | B9: x̄ = Σxᵢ / n | C9: 4212 / 81 | D9: =SOMMA(...)/CONTA.NUMERI(...) | E9: =E7/E8 -> 52 | F9: Stima puntuale della media della popolazione
A12: 2. INTERVALLO DI CONFIDENZA AL 95%
A13: Passaggio | B13: Formula matematica | C13: Sostituzione numerica | D13: Formula Excel usata | E13: Risultato | F13: Spiegazione
A14: Alpha | B14: α = 1 − 0,95 | C14: 1 − 0,95 | D14: =1-95% | E14: =1-'Soluzione completa'!C10 -> 0.05 | F14: Rischio complessivo fuori dall’intervallo
A15: Valore critico z | B15: z = Φ⁻¹(1 − α/2) | C15: Φ⁻¹(0,975) | D15: =INV.NORM.ST(1-E14/2) | E15: =_xludf.NORM.S.INV(1-E14/2) -> #NAME? | F15: Quantile della normale standard
A16: Errore standard | B16: SE = σ / √n | C16: 9 / √81 | D16: =σ/RADQ(n) | E16: ='Soluzione completa'!C8/SQRT('Soluzione completa'!C9) -> 1 | F16: Variabilità della media campionaria
A17: Margine di errore | B17: E = z × SE | C17: 1,959964 × 1 | D17: =z*SE | E17: =E15*E16 -> #NAME? | F17: Distanza tra la media e ciascun limite
A18: Controllo con CONFIDENZA.NORM | B18: E = CONFIDENZA.NORM(α;σ;n) | C18: CONFIDENZA.NORM(0,05; 9; 81) | D18: =CONFIDENZA.NORM(alpha;σ;n) | E18: =_xludf.CONFIDENCE.NORM(E14,'Soluzione completa'!C8,'Soluzione completa'!C9) -> #NAME? | F18: Verifica: deve coincidere con il margine precedente
A19: Limite inferiore | B19: x̄ − E | C19: 52 − 1,959964 | D19: =media-margine | E19: ='Soluzione completa'!C7-E17 -> #NAME? | F19: Estremo sinistro dell’intervallo
A20: Limite superiore | B20: x̄ + E | C20: 52 + 1,959964 | D20: =media+margine | E20: ='Soluzione completa'!C7+E17 -> #NAME? | F20: Estremo destro dell’intervallo
A23: 3. CONFRONTO DEGLI INTERVALLI AL 90%, 95% E 99%
A24: Confidenza | B24: Alpha = 1−conf. | C24: Valore critico z | D24: Margine E = z·σ/√n | E24: Intervallo x̄ ± E | F24: Ampiezza = 2E
A25: 0.9 | B25: =1-A25 -> 0.1 | C25: =_xludf.NORM.S.INV(1-B25/2) -> #NAME? | D25: =C25*'Soluzione completa'!$C$8/SQRT('Soluzione completa'!$C$9) -> #NAME? | E25: =TEXT('Soluzione completa'!$C$7-D25,"0.00")&" – "&TEXT('Soluzione completa'!$C$7+D25,"0.00") -> #NAME? | F25: =2*D25 -> #NAME?
A26: 0.95 | B26: =1-A26 -> 0.05 | C26: =_xludf.NORM.S.INV(1-B26/2) -> #NAME? | D26: =C26*'Soluzione completa'!$C$8/SQRT('Soluzione completa'!$C$9) -> #NAME? | E26: =TEXT('Soluzione completa'!$C$7-D26,"0.00")&" – "&TEXT('Soluzione completa'!$C$7+D26,"0.00") -> #NAME? | F26: =2*D26 -> #NAME?
A27: 0.99 | B27: =1-A27 -> 0.01 | C27: =_xludf.NORM.S.INV(1-B27/2) -> #NAME? | D27: =C27*'Soluzione completa'!$C$8/SQRT('Soluzione completa'!$C$9) -> #NAME? | E27: =TEXT('Soluzione completa'!$C$7-D27,"0.00")&" – "&TEXT('Soluzione completa'!$C$7+D27,"0.00") -> #NAME? | F27: =2*D27 -> #NAME?
A30: 4. NUOVO CAMPIONE n = 324
A31: Passaggio | B31: Formula matematica | C31: Sostituzione numerica | D31: Formula Excel usata | E31: Risultato | F31: Conclusione
A32: Nuovo errore standard | B32: SE = σ / √n | C32: 9 / √324 | D32: =9/RADQ(324) | E32: ='Soluzione completa'!C8/SQRT(324) -> 0.5 | F32: L’errore standard passa da 1 a 0,5
A33: Nuovo margine 95% | B33: E = z × SE | C33: 1,959964 × 0,5 | D33: =INV.NORM.ST(0,975)*E32 | E33: =_xludf.NORM.S.INV(1-'Soluzione completa'!C11/2)*E32 -> #NAME? | F33: Il margine si dimezza
A34: Nuovo limite inferiore | B34: x̄ − E | C34: 52 − 0,979982 | D34: =media-E33 | E34: ='Soluzione completa'!C7-E33 -> #NAME? | F34: Nuovo estremo sinistro
A35: Nuovo limite superiore | B35: x̄ + E | C35: 52 + 0,979982 | D35: =media+E33 | E35: ='Soluzione completa'!C7+E33 -> #NAME? | F35: Nuovo estremo destro
A36: Rapporto tra i margini | B36: E₃₂₄ / E₈₁ | C36: 0,979982 / 1,959964 | D36: =E33/E17 | E36: =E33/E17 -> #NAME? | F36: 0,50: il nuovo margine è la metà
A39: Conclusione: aumentando la dimensione del campione da 81 a 324 (quattro volte), √n passa da 9 a 18. Perciò errore standard e margine di errore si dimezzano, mentre la stima puntuale rimane 52.
